IdSucursal,Sucursal,Direccion,Estado,AlcaldiaMunicipio,FechaRegistro
4,Erwin Greaser,5692 Magdeline Plaza,Mexico,San Miguel,2022-11-02
5,Pearce Divers,1247 Talmadge Place,Mexico,La Concepcion,2022-11-12
6,Roseanne Eaken,43739 Bay Hill,Mexico,El Carmen,2022-12-23
7,Denys Gullam,5599 Rigney Court,Mexico,Adolfo Lopez Mateos,2022-12-11
8,Miltie Smy,95 Corscot Junction,Mexico,El Mirador,2022-10-25
9,Erny Faithorn,71 Fulton Junction,Mexico,Loma Bonita,2023-01-08
10,Ron Gile,5149 Boyd Drive,Mexico,San Juan,2022-12-28
11,Odessa Colville,7291 Dahle Circle,Mexico,Benito Juarez,2022-11-12
12,Jamey Kelledy,242 Golden Leaf Court,Mexico,San Diego,2022-11-15
13,Milzie Labbet,16413 Arkansas Parkway,Mexico,El Mirador,2022-11-24
14,Christopher Crosgrove,736 Randy Alley,Mexico,La Laguna,2023-01-02
15,Gare MacInerney,00 Ramsey Road,Mexico,El Mirador,2022-11-05
16,Eloise Etchingham,9 Lakeland Center,Mexico,La Laguna,2022-12-28
17,Betta Rennard,3081 Nelson Lane,Mexico,Santo Tomas,2022-12-01
18,Ali Badder,2 Jay Parkway,Mexico,San Diego,2022-12-13
19,Lydie Redgrave,37736 Ilene Court,Mexico,Loma Bonita,2022-11-25
20,Corena Millsom,95349 Badeau Plaza,Mexico,San Francisco,2022-10-27
21,Aileen Shekle,1 Reindahl Alley,Mexico,La Concepcion,2022-10-26
22,Shirleen MacArthur,08409 Cambridge Avenue,Mexico,Buenavista,2022-10-24
23,Gherardo Tolliday,325 Holy Cross Street,Mexico,El Tejocote,2023-01-11
24,Molli Antonutti,8034 Maple Center,Mexico,Santiago,2022-11-21
25,Lura Goadsby,1 Sommers Hill,Mexico,La Mesa,2022-12-17
26,Jeddy Oleszczak,368 Prentice Lane,Mexico,La Concepcion,2022-12-02
27,Emmalynn Tinson,4 Haas Road,Mexico,Hidalgo,2023-01-04
28,Fraze Crossgrove,22998 Carey Court,Mexico,San Antonio,2022-11-06
29,Valina Baudain,2 Saint Paul Street,Mexico,Santa Maria,2022-11-12
30,Ade Trevna,57 Sommers Place,Mexico,San Miguel,2022-12-27
31,Virgina Twells,0 Namekagon Park,Mexico,Lazaro Cardenas,2022-11-07
32,Nell Thibodeaux,3354 Blackbird Lane,Mexico,San Diego,2022-11-06
33,Cariotta Rosenbarg,0898 Toban Circle,Mexico,Pueblo Nuevo,2022-12-20
34,Skell Amesbury,2 Dunning Way,Mexico,Santa Cruz,2022-10-28
35,Brody Bromige,58074 Thompson Junction,Mexico,Ojo de Agua,2022-12-19
36,Lynda Lyven,44200 Butternut Pass,Mexico,La Ca単ada,2022-11-07
37,Jacqui Livesey,4146 Golf Way,Mexico,Santa Maria,2022-12-21
38,Kathie Da Costa,35 Fair Oaks Road,Mexico,Guadalupe,2022-12-01
39,Lita Wick,852 Jay Alley,Mexico,Adolfo Lopez Mateos,2022-12-14
40,Nola Grover,7657 Crest Line Alley,Mexico,La Laguna,2022-11-22
41,Gerek Casillas,76 Bartelt Place,Mexico,San Pedro,2022-11-29
42,Merrielle Sams,432 La Follette Parkway,Mexico,El Capulin,2022-12-01
43,Homerus Haestier,53 Kingsford Pass,Mexico,San Juan,2022-12-29
44,Joycelin Vearncombe,08 Donald Court,Mexico,Benito Juarez,2023-01-03
45,Betti Meus,629 Katie Park,Mexico,Benito Juarez,2022-12-03
46,Roxanne McCoughan,014 Village Green Street,Mexico,Independencia,2022-12-28
47,Evey Budding,2 Magdeline Road,Mexico,San Diego,2022-11-24
48,Dante Heal,397 Golden Leaf Parkway,Mexico,Ojo de Agua,2023-01-10
49,Aaron Blackmore,2343 Westerfield Circle,Mexico,San Pedro,2023-01-08
50,Joleen Dittson,666 Namekagon Street,Mexico,El Potrero,2022-12-14
51,Evan Houldcroft,8 Northland Avenue,Mexico,San Sebastian,2022-11-08
52,Pauletta Jochen,1 Moulton Avenue,Mexico,Santa Cruz,2022-12-21
53,Karon Corday,52 Canary Street,Mexico,La Concepcion,2022-12-22
54,Giulio Bartolomucci,5 Memorial Way,Mexico,Guadalupe,2022-11-25
55,Hilda Braiden,7406 Eliot Center,Mexico,Independencia,2022-12-17
56,Loni Somers,1 Hermina Circle,Mexico,Benito Juarez,2022-10-29
57,Jarad Castletine,99 Hoffman Plaza,Mexico,San Miguel,2022-11-10
58,Philbert Rhymes,3735 Kensington Avenue,Mexico,Santa Clara,2022-11-24
59,Ingmar MacColgan,749 Tennyson Way,Mexico,Morelos,2023-01-10
60,Shurlocke O'Riordan,82 Sutherland Road,Mexico,Pueblo Nuevo,2022-12-04
61,Tuckie Gagan,06983 Summer Ridge Parkway,Mexico,El Carmen,2022-11-11
62,Hilarius Kolinsky,04467 Superior Center,Mexico,El Potrero,2022-12-25
63,Elysee Langthorn,0773 Dayton Street,Mexico,Hidalgo,2022-11-25
64,Cecil Maddick,153 Mcbride Road,Mexico,San Miguel,2022-11-21
65,Alric Sandwith,43390 Bartillon Junction,Mexico,Adolfo Lopez Mateos,2022-11-19
66,Laurianne Scogin,5417 Jay Point,Mexico,Lazaro Cardenas,2022-12-31
67,Easter Ledrane,71 Mccormick Park,Mexico,Buenavista,2023-01-02
68,Reube Jealous,140 Rigney Point,Mexico,Benito Juarez,2022-12-02
69,Bartholomeus Goodridge,165 Fallview Point,Mexico,Guadalupe,2022-12-18
70,Brook Verecker,7798 Monica Place,Mexico,Santa Clara,2022-11-24
71,Bonny Gunningham,98905 Clarendon Park,Mexico,San Diego,2022-11-28
72,Anastasia Upstone,937 Green Junction,Mexico,San Francisco,2022-12-27
73,Lea Bulward,96 Anderson Park,Mexico,El Mirador,2023-01-08
74,Stefanie Gardner,0 Arkansas Center,Mexico,San Isidro,2022-11-20
75,Trescha Ladloe,1207 Forest Run Place,Mexico,Santa Cruz,2023-01-11
76,Ivan Banham,91892 Oriole Trail,Mexico,San Pedro,2022-11-22
77,Albrecht Sellor,6 Prairie Rose Drive,Mexico,Emiliano Zapata,2022-12-08
78,Leona Emanuelli,31099 Mockingbird Pass,Mexico,La Ca単ada,2023-01-14
79,Lana Enbury,6120 John Wall Point,Mexico,La Huerta,2023-01-13
80,Addie Pickerell,2414 Center Road,Mexico,La Concepcion,2022-12-20
81,Aurlie Beauchop,96 Lyons Hill,Mexico,San Sebastian,2022-10-31
82,Umeko Terrell,58472 La Follette Road,Mexico,La Ca単ada,2022-11-25
83,Morgen Palphreyman,2964 Dixon Point,Mexico,El Capulin,2022-11-30
84,Jackie Milier,28835 Prentice Alley,Mexico,La Concepcion,2022-12-19
85,Christean Shadfourth,62171 Loeprich Place,Mexico,Adolfo Lopez Mateos,2022-12-14
86,Roddy Burnie,93950 Di Loreto Crossing,Mexico,Emiliano Zapata,2022-12-31
87,Leese Urey,98704 Mcbride Road,Mexico,La Ca単ada,2022-11-18
88,Yasmin Reppaport,7155 Moulton Alley,Mexico,Ojo de Agua,2022-11-13
89,Madalena Durbyn,04331 Schurz Drive,Mexico,San Pedro,2022-11-11
90,Florinda Matthieson,74589 Homewood Point,Mexico,El Carmen,2022-10-24
91,Gerry Rosthorn,755 South Pass,Mexico,San Miguel,2022-11-06
92,Giraud Frowen,311 Bluestem Avenue,Mexico,San Diego,2022-11-19
93,Reid Cathrall,90 Schurz Drive,Mexico,San Martin,2022-11-18
94,Maribeth Waitland,9 Mendota Court,Mexico,La Palma,2022-12-06
95,Tania Camidge,29756 Memorial Alley,Mexico,El Potrero,2022-10-30
96,Ingar Steere,37901 6th Terrace,Mexico,Morelos,2022-10-28
97,Dun Waterstone,290 La Follette Avenue,Mexico,Santa Cruz,2022-11-28
98,Carey Vaillant,0593 Park Meadow Road,Mexico,La Laguna,2022-12-24
99,Wolf Dunstan,3 Oxford Pass,Mexico,La Virgen,2022-12-24
100,Alleen Kneel,7953 3rd Trail,Mexico,Hidalgo,2022-12-17
101,Vanessa Placide,7 Pleasure Alley,Mexico,San Miguel,2022-12-21
102,Fredericka Cawte,01 Doe Crossing Street,Mexico,El Mirador,2022-11-06
103,Efrem Lancashire,988 Cordelia Terrace,Mexico,El Tejocote,2022-11-02